barcode,library_type,umis,umi_corrected_reads,frac_corrected_reads,frac_total_reads
ACCAAACGTTCCGTTC-1,Antibody Capture,41809,1495,0.013,0.001
ACGTTCCGTGCAACGA-1,Antibody Capture,52019,2292,0.017,0.001
ATGAGTCGTACGATCT-1,Antibody Capture,298095,36438,0.047,0.004
CAGTGCGAGCTGGAGT-1,Antibody Capture,85512,4086,0.019,0.001
CATACCCCAATACCCA-1,Antibody Capture,119663,9795,0.028,0.002
CATCCCAGTACGATTC-1,Antibody Capture,115145,8068,0.025,0.002
GCCAACGAGCGTGTTT-1,Antibody Capture,40534,1335,0.014,0.001
GGCGTCACAAGTGATA-1,Antibody Capture,120620,7453,0.023,0.002
GGGAAGTGTGGCTTAT-1,Antibody Capture,60064,3126,0.02,0.001
TCCATCGAGACCTGGA-1,Antibody Capture,88116,4145,0.019,0.001
TCTAACTCAGAGCTAG-1,Antibody Capture,42323,1513,0.014,0.001
TGGGAAGCAGGTTCCG-1,Antibody Capture,141401,13215,0.036,0.002
TGTGATGTCAGTAGGG-1,Antibody Capture,38813,1407,0.014,0.001
TTCAATCAGTTCTACG-1,Antibody Capture,46900,2071,0.016,0.001
TTGCGTCAGACGTCCC-1,Antibody Capture,60421,2604,0.016,0.001
